epoch,train_loss,train_acc,val_loss,val_acc
1,2.617664,0.105469,2.494110,0.070312
2,2.448604,0.097656,2.459493,0.085938
3,2.365650,0.140625,2.456880,0.085938
