epoch,train_loss,train_acc,val_loss,val_acc
1,2.415033,0.109375,2.330468,0.078125
2,2.366475,0.128906,2.302561,0.148438
3,2.328232,0.085938,2.348082,0.117188
